dataset,molecule_no,field,issue_type,severity,observed_value,expected_rule
696_features,16,VSA_EState3,统计极端值,WARNING,38.29727649,|robust z| > 15.0；仅提示人工核查，不代表化学错误
696_features,39,EState_VSA5,统计极端值,WARNING,436.6158704,|robust z| > 15.0；仅提示人工核查，不代表化学错误
696_features,39,SMR_VSA5,统计极端值,WARNING,569.0556274,|robust z| > 15.0；仅提示人工核查，不代表化学错误
696_features,39,VSA_EState1,统计极端值,WARNING,53.87824104,|robust z| > 15.0；仅提示人工核查，不代表化学错误
696_features,40,EState_VSA5,统计极端值,WARNING,642.0821623,|robust z| > 15.0；仅提示人工核查，不代表化学错误
696_features,40,Kappa3,统计极端值,WARNING,93.73552222,|robust z| > 15.0；仅提示人工核查，不代表化学错误
696_features,40,NumRotatableBonds,统计极端值,WARNING,137.0,|robust z| > 15.0；仅提示人工核查，不代表化学错误
696_features,40,SMR_VSA5,统计极端值,WARNING,774.5219194,|robust z| > 15.0；仅提示人工核查，不代表化学错误
696_features,40,SlogP_VSA5,统计极端值,WARNING,819.5514373,|robust z| > 15.0；仅提示人工核查，不代表化学错误
696_features,40,VSA_EState1,统计极端值,WARNING,54.72693205,|robust z| > 15.0；仅提示人工核查，不代表化学错误
696_features,40,VSA_EState7,统计极端值,WARNING,165.0284612,|robust z| > 15.0；仅提示人工核查，不代表化学错误
696_features,41,Conju-Branch-Num,统计极端值,WARNING,36.0,|robust z| > 15.0；仅提示人工核查，不代表化学错误
696_features,41,Conju-Branch-Ratio,统计极端值,WARNING,1.764705882,|robust z| > 15.0；仅提示人工核查，不代表化学错误
696_features,41,SMR_VSA5,统计极端值,WARNING,569.0556274,|robust z| > 15.0；仅提示人工核查，不代表化学错误
696_features,41,VSA_EState1,统计极端值,WARNING,53.74029395,|robust z| > 15.0；仅提示人工核查，不代表化学错误
696_features,42,Conju-Branch-Num,统计极端值,WARNING,36.0,|robust z| > 15.0；仅提示人工核查，不代表化学错误
696_features,42,Conju-Branch-Ratio,统计极端值,WARNING,1.764705882,|robust z| > 15.0；仅提示人工核查，不代表化学错误
696_features,42,EState_VSA5,统计极端值,WARNING,616.3988758,|robust z| > 15.0；仅提示人工核查，不代表化学错误
696_features,42,Kappa3,统计极端值,WARNING,97.10703576,|robust z| > 15.0；仅提示人工核查，不代表化学错误
696_features,42,NumRotatableBonds,统计极端值,WARNING,137.0,|robust z| > 15.0；仅提示人工核查，不代表化学错误
696_features,42,SMR_VSA5,统计极端值,WARNING,774.5219194,|robust z| > 15.0；仅提示人工核查，不代表化学错误
696_features,42,SlogP_VSA5,统计极端值,WARNING,819.5514373,|robust z| > 15.0；仅提示人工核查，不代表化学错误
696_features,42,VSA_EState1,统计极端值,WARNING,54.59302143,|robust z| > 15.0；仅提示人工核查，不代表化学错误
696_features,42,VSA_EState7,统计极端值,WARNING,164.8992088,|robust z| > 15.0；仅提示人工核查，不代表化学错误
696_features,55,EState_VSA5,统计极端值,WARNING,427.9007635,|robust z| > 15.0；仅提示人工核查，不代表化学错误
696_features,55,SMR_VSA5,统计极端值,WARNING,610.4809698,|robust z| > 15.0；仅提示人工核查，不代表化学错误
696_features,56,VSA_EState5,统计极端值,WARNING,9.670825959,|robust z| > 15.0；仅提示人工核查，不代表化学错误
696_features,57,VSA_EState5,统计极端值,WARNING,9.364238983,|robust z| > 15.0；仅提示人工核查，不代表化学错误
696_features,58,VSA_EState5,统计极端值,WARNING,10.25113383,|robust z| > 15.0；仅提示人工核查，不代表化学错误
696_features,59,VSA_EState5,统计极端值,WARNING,9.568881663,|robust z| > 15.0；仅提示人工核查，不代表化学错误
696_features,60,VSA_EState5,统计极端值,WARNING,9.469499754,|robust z| > 15.0；仅提示人工核查，不代表化学错误
696_features,61,VSA_EState5,统计极端值,WARNING,9.418891288,|robust z| > 15.0；仅提示人工核查，不代表化学错误
696_features,62,VSA_EState5,统计极端值,WARNING,8.906364429,|robust z| > 15.0；仅提示人工核查，不代表化学错误
696_features,63,VSA_EState5,统计极端值,WARNING,8.849972224,|robust z| > 15.0；仅提示人工核查，不代表化学错误
696_features,64,VSA_EState5,统计极端值,WARNING,9.303396614,|robust z| > 15.0；仅提示人工核查，不代表化学错误
696_features,65,VSA_EState5,统计极端值,WARNING,9.571516694,|robust z| > 15.0；仅提示人工核查，不代表化学错误
696_features,83,VSA_EState3,统计极端值,WARNING,54.09874183,|robust z| > 15.0；仅提示人工核查，不代表化学错误
696_features,84,VSA_EState3,统计极端值,WARNING,54.49436467,|robust z| > 15.0；仅提示人工核查，不代表化学错误
696_features,90,VSA_EState5,统计极端值,WARNING,13.95437129,|robust z| > 15.0；仅提示人工核查，不代表化学错误
696_features,91,VSA_EState5,统计极端值,WARNING,20.57615154,|robust z| > 15.0；仅提示人工核查，不代表化学错误
696_features,92,VSA_EState5,统计极端值,WARNING,14.61021765,|robust z| > 15.0；仅提示人工核查，不代表化学错误
696_features,93,VSA_EState5,统计极端值,WARNING,28.45381602,|robust z| > 15.0；仅提示人工核查，不代表化学错误
696_features,94,VSA_EState5,统计极端值,WARNING,29.02691505,|robust z| > 15.0；仅提示人工核查，不代表化学错误
696_features,95,VSA_EState5,统计极端值,WARNING,35.65759839,|robust z| > 15.0；仅提示人工核查，不代表化学错误
696_features,96,VSA_EState5,统计极端值,WARNING,42.26910866,|robust z| > 15.0；仅提示人工核查，不代表化学错误
696_features,97,VSA_EState3,统计极端值,WARNING,46.86964703,|robust z| > 15.0；仅提示人工核查，不代表化学错误
696_features,97,VSA_EState5,统计极端值,WARNING,63.04932141,|robust z| > 15.0；仅提示人工核查，不代表化学错误
696_features,100,VSA_EState1,统计极端值,WARNING,56.10740889,|robust z| > 15.0；仅提示人工核查，不代表化学错误
696_features,100,VSA_EState3,统计极端值,WARNING,36.21581781,|robust z| > 15.0；仅提示人工核查，不代表化学错误
696_features,101,EState_VSA3,统计极端值,WARNING,166.5113523,|robust z| > 15.0；仅提示人工核查，不代表化学错误
696_features,101,VSA_EState1,统计极端值,WARNING,104.4931437,|robust z| > 15.0；仅提示人工核查，不代表化学错误
696_features,101,VSA_EState3,统计极端值,WARNING,72.15913826,|robust z| > 15.0；仅提示人工核查，不代表化学错误
696_features,113,Dielectic Constant (Solvent),溶剂参数为0，可能代表未知或缺失溶剂信息,WARNING,0.0,返回原始溶剂名称核查；不自动删除
696_features,113,ET(30) (Solvent),溶剂参数为0，可能代表未知或缺失溶剂信息,WARNING,0.0,返回原始溶剂名称核查；不自动删除
696_features,114,Dielectic Constant (Solvent),溶剂参数为0，可能代表未知或缺失溶剂信息,WARNING,0.0,返回原始溶剂名称核查；不自动删除
696_features,114,ET(30) (Solvent),溶剂参数为0，可能代表未知或缺失溶剂信息,WARNING,0.0,返回原始溶剂名称核查；不自动删除
696_features,115,Dielectic Constant (Solvent),溶剂参数为0，可能代表未知或缺失溶剂信息,WARNING,0.0,返回原始溶剂名称核查；不自动删除
696_features,115,ET(30) (Solvent),溶剂参数为0，可能代表未知或缺失溶剂信息,WARNING,0.0,返回原始溶剂名称核查；不自动删除
696_features,116,Dielectic Constant (Solvent),溶剂参数为0，可能代表未知或缺失溶剂信息,WARNING,0.0,返回原始溶剂名称核查；不自动删除
696_features,116,ET(30) (Solvent),溶剂参数为0，可能代表未知或缺失溶剂信息,WARNING,0.0,返回原始溶剂名称核查；不自动删除
696_features,117,Dielectic Constant (Solvent),溶剂参数为0，可能代表未知或缺失溶剂信息,WARNING,0.0,返回原始溶剂名称核查；不自动删除
696_features,117,ET(30) (Solvent),溶剂参数为0，可能代表未知或缺失溶剂信息,WARNING,0.0,返回原始溶剂名称核查；不自动删除
696_features,117,VSA_EState5,统计极端值,WARNING,13.41143579,|robust z| > 15.0；仅提示人工核查，不代表化学错误
696_features,118,Dielectic Constant (Solvent),溶剂参数为0，可能代表未知或缺失溶剂信息,WARNING,0.0,返回原始溶剂名称核查；不自动删除
696_features,118,ET(30) (Solvent),溶剂参数为0，可能代表未知或缺失溶剂信息,WARNING,0.0,返回原始溶剂名称核查；不自动删除
696_features,118,VSA_EState5,统计极端值,WARNING,13.70140904,|robust z| > 15.0；仅提示人工核查，不代表化学错误
696_features,119,Dielectic Constant (Solvent),溶剂参数为0，可能代表未知或缺失溶剂信息,WARNING,0.0,返回原始溶剂名称核查；不自动删除
696_features,119,ET(30) (Solvent),溶剂参数为0，可能代表未知或缺失溶剂信息,WARNING,0.0,返回原始溶剂名称核查；不自动删除
696_features,120,Dielectic Constant (Solvent),溶剂参数为0，可能代表未知或缺失溶剂信息,WARNING,0.0,返回原始溶剂名称核查；不自动删除
696_features,120,ET(30) (Solvent),溶剂参数为0，可能代表未知或缺失溶剂信息,WARNING,0.0,返回原始溶剂名称核查；不自动删除
696_features,124,VSA_EState5,统计极端值,WARNING,13.53169769,|robust z| > 15.0；仅提示人工核查，不代表化学错误
696_features,125,VSA_EState5,统计极端值,WARNING,26.73555775,|robust z| > 15.0；仅提示人工核查，不代表化学错误
696_features,127,VSA_EState5,统计极端值,WARNING,13.47219749,|robust z| > 15.0；仅提示人工核查，不代表化学错误
696_features,128,VSA_EState5,统计极端值,WARNING,13.52038634,|robust z| > 15.0；仅提示人工核查，不代表化学错误
696_features,131,VSA_EState5,统计极端值,WARNING,14.64424634,|robust z| > 15.0；仅提示人工核查，不代表化学错误
696_features,137,VSA_EState5,统计极端值,WARNING,28.19411068,|robust z| > 15.0；仅提示人工核查，不代表化学错误
696_features,140,VSA_EState5,统计极端值,WARNING,14.58403106,|robust z| > 15.0；仅提示人工核查，不代表化学错误
696_features,141,EState_VSA5,统计极端值,WARNING,448.8291043,|robust z| > 15.0；仅提示人工核查，不代表化学错误
696_features,142,VSA_EState5,统计极端值,WARNING,14.27074639,|robust z| > 15.0；仅提示人工核查，不代表化学错误
696_features,143,VSA_EState5,统计极端值,WARNING,13.93672094,|robust z| > 15.0；仅提示人工核查，不代表化学错误
696_features,144,VSA_EState1,统计极端值,WARNING,106.9358581,|robust z| > 15.0；仅提示人工核查，不代表化学错误
696_features,144,VSA_EState5,统计极端值,WARNING,12.77750652,|robust z| > 15.0；仅提示人工核查，不代表化学错误
696_features,155,VSA_EState1,统计极端值,WARNING,88.88839768,|robust z| > 15.0；仅提示人工核查，不代表化学错误
696_features,156,VSA_EState1,统计极端值,WARNING,88.62550099,|robust z| > 15.0；仅提示人工核查，不代表化学错误
696_features,157,VSA_EState1,统计极端值,WARNING,88.50098193,|robust z| > 15.0；仅提示人工核查，不代表化学错误
696_features,158,VSA_EState1,统计极端值,WARNING,90.37330142,|robust z| > 15.0；仅提示人工核查，不代表化学错误
696_features,171,Conju-Branch-Ratio,统计极端值,WARNING,1.625,|robust z| > 15.0；仅提示人工核查，不代表化学错误
696_features,178,VSA_EState3,统计极端值,WARNING,54.31116073,|robust z| > 15.0；仅提示人工核查，不代表化学错误
696_features,181,VSA_EState3,统计极端值,WARNING,57.17867297,|robust z| > 15.0；仅提示人工核查，不代表化学错误
696_features,184,VSA_EState5,统计极端值,WARNING,19.3160449,|robust z| > 15.0；仅提示人工核查，不代表化学错误
696_features,185,VSA_EState5,统计极端值,WARNING,39.00423598,|robust z| > 15.0；仅提示人工核查，不代表化学错误
696_features,187,VSA_EState3,统计极端值,WARNING,37.67592395,|robust z| > 15.0；仅提示人工核查，不代表化学错误
696_features,189,VSA_EState1,统计极端值,WARNING,93.65589458,|robust z| > 15.0；仅提示人工核查，不代表化学错误
696_features,189,VSA_EState3,统计极端值,WARNING,39.95949347,|robust z| > 15.0；仅提示人工核查，不代表化学错误
696_features,193,Conju-Branch-Ratio,统计极端值,WARNING,1.666666667,|robust z| > 15.0；仅提示人工核查，不代表化学错误
696_features,193,Dielectic Constant (Solvent),溶剂参数为0，可能代表未知或缺失溶剂信息,WARNING,0.0,返回原始溶剂名称核查；不自动删除
696_features,193,ET(30) (Solvent),溶剂参数为0，可能代表未知或缺失溶剂信息,WARNING,0.0,返回原始溶剂名称核查；不自动删除
696_features,194,Dielectic Constant (Solvent),溶剂参数为0，可能代表未知或缺失溶剂信息,WARNING,0.0,返回原始溶剂名称核查；不自动删除
696_features,194,ET(30) (Solvent),溶剂参数为0，可能代表未知或缺失溶剂信息,WARNING,0.0,返回原始溶剂名称核查；不自动删除
696_features,194,VSA_EState5,统计极端值,WARNING,18.42821281,|robust z| > 15.0；仅提示人工核查，不代表化学错误
696_features,196,VSA_EState3,统计极端值,WARNING,50.75556806,|robust z| > 15.0；仅提示人工核查，不代表化学错误
696_features,201,VSA_EState1,统计极端值,WARNING,80.86932518,|robust z| > 15.0；仅提示人工核查，不代表化学错误
696_features,213,Conju-Branch-Ratio,统计极端值,WARNING,1.34,|robust z| > 15.0；仅提示人工核查，不代表化学错误
696_features,213,EState_VSA5,统计极端值,WARNING,492.5369458,|robust z| > 15.0；仅提示人工核查，不代表化学错误
696_features,216,VSA_EState3,统计极端值,WARNING,41.15602865,|robust z| > 15.0；仅提示人工核查，不代表化学错误
696_features,217,VSA_EState3,统计极端值,WARNING,63.03439432,|robust z| > 15.0；仅提示人工核查，不代表化学错误
696_features,232,VSA_EState5,统计极端值,WARNING,14.1707146,|robust z| > 15.0；仅提示人工核查，不代表化学错误
696_features,237,VSA_EState5,统计极端值,WARNING,28.48146457,|robust z| > 15.0；仅提示人工核查，不代表化学错误
696_features,258,VSA_EState5,统计极端值,WARNING,20.80749933,|robust z| > 15.0；仅提示人工核查，不代表化学错误
696_features,259,VSA_EState1,统计极端值,WARNING,78.5258862,|robust z| > 15.0；仅提示人工核查，不代表化学错误
696_features,259,VSA_EState5,统计极端值,WARNING,19.84543324,|robust z| > 15.0；仅提示人工核查，不代表化学错误
696_features,260,VSA_EState1,统计极端值,WARNING,186.5134814,|robust z| > 15.0；仅提示人工核查，不代表化学错误
696_features,260,VSA_EState5,统计极端值,WARNING,16.92077858,|robust z| > 15.0；仅提示人工核查，不代表化学错误
696_features,261,VSA_EState1,统计极端值,WARNING,78.32034642,|robust z| > 15.0；仅提示人工核查，不代表化学错误
696_features,261,VSA_EState5,统计极端值,WARNING,20.65741709,|robust z| > 15.0；仅提示人工核查，不代表化学错误
696_features,273,VSA_EState3,统计极端值,WARNING,40.22864896,|robust z| > 15.0；仅提示人工核查，不代表化学错误
696_features,274,VSA_EState3,统计极端值,WARNING,42.29724305,|robust z| > 15.0；仅提示人工核查，不代表化学错误
696_features,284,VSA_EState5,统计极端值,WARNING,14.18275765,|robust z| > 15.0；仅提示人工核查，不代表化学错误
696_features,285,VSA_EState5,统计极端值,WARNING,21.07099885,|robust z| > 15.0；仅提示人工核查，不代表化学错误
696_features,296,VSA_EState5,统计极端值,WARNING,22.1725215,|robust z| > 15.0；仅提示人工核查，不代表化学错误
696_features,297,VSA_EState5,统计极端值,WARNING,23.76263191,|robust z| > 15.0；仅提示人工核查，不代表化学错误
696_features,308,VSA_EState5,统计极端值,WARNING,19.93031045,|robust z| > 15.0；仅提示人工核查，不代表化学错误
696_features,309,VSA_EState5,统计极端值,WARNING,19.54331248,|robust z| > 15.0；仅提示人工核查，不代表化学错误
696_features,310,VSA_EState3,统计极端值,WARNING,56.62696388,|robust z| > 15.0；仅提示人工核查，不代表化学错误
696_features,310,VSA_EState5,统计极端值,WARNING,19.59391733,|robust z| > 15.0；仅提示人工核查，不代表化学错误
696_features,311,VSA_EState5,统计极端值,WARNING,19.62782318,|robust z| > 15.0；仅提示人工核查，不代表化学错误
696_features,312,VSA_EState5,统计极端值,WARNING,19.24082522,|robust z| > 15.0；仅提示人工核查，不代表化学错误
696_features,313,VSA_EState3,统计极端值,WARNING,56.87529645,|robust z| > 15.0；仅提示人工核查，不代表化学错误
696_features,313,VSA_EState5,统计极端值,WARNING,19.29143007,|robust z| > 15.0；仅提示人工核查，不代表化学错误
696_features,318,VSA_EState3,统计极端值,WARNING,66.59666568,|robust z| > 15.0；仅提示人工核查，不代表化学错误
696_features,320,VSA_EState3,统计极端值,WARNING,36.87931297,|robust z| > 15.0；仅提示人工核查，不代表化学错误
696_features,322,VSA_EState3,统计极端值,WARNING,36.43336324,|robust z| > 15.0；仅提示人工核查，不代表化学错误
696_features,323,VSA_EState5,统计极端值,WARNING,13.54052019,|robust z| > 15.0；仅提示人工核查，不代表化学错误
696_features,325,VSA_EState5,统计极端值,WARNING,13.61484011,|robust z| > 15.0；仅提示人工核查，不代表化学错误
696_features,326,VSA_EState5,统计极端值,WARNING,14.88474129,|robust z| > 15.0；仅提示人工核查，不代表化学错误
696_features,327,VSA_EState5,统计极端值,WARNING,29.007649,|robust z| > 15.0；仅提示人工核查，不代表化学错误
696_features,328,VSA_EState5,统计极端值,WARNING,29.11130038,|robust z| > 15.0；仅提示人工核查，不代表化学错误
696_features,334,VSA_EState5,统计极端值,WARNING,20.47988286,|robust z| > 15.0；仅提示人工核查，不代表化学错误
696_features,353,VSA_EState5,统计极端值,WARNING,13.12024735,|robust z| > 15.0；仅提示人工核查，不代表化学错误
696_features,356,VSA_EState5,统计极端值,WARNING,13.22121205,|robust z| > 15.0；仅提示人工核查，不代表化学错误
696_features,358,VSA_EState5,统计极端值,WARNING,22.07703922,|robust z| > 15.0；仅提示人工核查，不代表化学错误
696_features,360,VSA_EState5,统计极端值,WARNING,22.0457403,|robust z| > 15.0；仅提示人工核查，不代表化学错误
696_features,362,VSA_EState1,统计极端值,WARNING,81.90804984,|robust z| > 15.0；仅提示人工核查，不代表化学错误
696_features,368,VSA_EState5,统计极端值,WARNING,14.6749911,|robust z| > 15.0；仅提示人工核查，不代表化学错误
696_features,369,VSA_EState5,统计极端值,WARNING,14.62894609,|robust z| > 15.0；仅提示人工核查，不代表化学错误
696_features,380,Conju-Branch-Ratio,统计极端值,WARNING,1.458333333,|robust z| > 15.0；仅提示人工核查，不代表化学错误
696_features,384,Conju-Branch-Ratio,统计极端值,WARNING,1.5,|robust z| > 15.0；仅提示人工核查，不代表化学错误
696_features,385,Conju-Branch-Ratio,统计极端值,WARNING,1.333333333,|robust z| > 15.0；仅提示人工核查，不代表化学错误
696_features,387,VSA_EState5,统计极端值,WARNING,15.50441197,|robust z| > 15.0；仅提示人工核查，不代表化学错误
696_features,388,VSA_EState5,统计极端值,WARNING,14.6679475,|robust z| > 15.0；仅提示人工核查，不代表化学错误
696_features,414,VSA_EState3,统计极端值,WARNING,57.94620092,|robust z| > 15.0；仅提示人工核查，不代表化学错误
696_features,416,VSA_EState3,统计极端值,WARNING,43.5024004,|robust z| > 15.0；仅提示人工核查，不代表化学错误
696_features,418,VSA_EState3,统计极端值,WARNING,42.5166549,|robust z| > 15.0；仅提示人工核查，不代表化学错误
696_features,420,VSA_EState3,统计极端值,WARNING,48.37150544,|robust z| > 15.0；仅提示人工核查，不代表化学错误
696_features,426,VSA_EState3,统计极端值,WARNING,41.43589117,|robust z| > 15.0；仅提示人工核查，不代表化学错误
696_features,427,VSA_EState3,统计极端值,WARNING,37.6557113,|robust z| > 15.0；仅提示人工核查，不代表化学错误
696_features,429,VSA_EState3,统计极端值,WARNING,57.18813594,|robust z| > 15.0；仅提示人工核查，不代表化学错误
696_features,446,Conju-Branch-Ratio,统计极端值,WARNING,2.090909091,|robust z| > 15.0；仅提示人工核查，不代表化学错误
696_features,463,VSA_EState5,统计极端值,WARNING,14.70861593,|robust z| > 15.0；仅提示人工核查，不代表化学错误
696_features,464,VSA_EState5,统计极端值,WARNING,31.2900829,|robust z| > 15.0；仅提示人工核查，不代表化学错误
696_features,465,VSA_EState3,统计极端值,WARNING,55.79229181,|robust z| > 15.0；仅提示人工核查，不代表化学错误
696_features,465,VSA_EState5,统计极端值,WARNING,30.07187026,|robust z| > 15.0；仅提示人工核查，不代表化学错误
696_features,466,Conju-Branch-Ratio,统计极端值,WARNING,1.461538462,|robust z| > 15.0；仅提示人工核查，不代表化学错误
696_features,468,Conju-Branch-Ratio,统计极端值,WARNING,1.481481481,|robust z| > 15.0；仅提示人工核查，不代表化学错误
696_features,471,VSA_EState5,统计极端值,WARNING,13.8825036,|robust z| > 15.0；仅提示人工核查，不代表化学错误
696_features,472,VSA_EState5,统计极端值,WARNING,12.65006832,|robust z| > 15.0；仅提示人工核查，不代表化学错误
696_features,473,VSA_EState5,统计极端值,WARNING,15.47829209,|robust z| > 15.0；仅提示人工核查，不代表化学错误
696_features,474,VSA_EState5,统计极端值,WARNING,13.56320703,|robust z| > 15.0；仅提示人工核查，不代表化学错误
696_features,475,VSA_EState5,统计极端值,WARNING,14.10104947,|robust z| > 15.0；仅提示人工核查，不代表化学错误
696_features,479,VSA_EState1,统计极端值,WARNING,52.46313135,|robust z| > 15.0；仅提示人工核查，不代表化学错误
696_features,482,VSA_EState1,统计极端值,WARNING,69.43865488,|robust z| > 15.0；仅提示人工核查，不代表化学错误
696_features,493,Conju-Branch-Ratio,统计极端值,WARNING,2.090909091,|robust z| > 15.0；仅提示人工核查，不代表化学错误
696_features,494,Conju-Branch-Ratio,统计极端值,WARNING,2.0,|robust z| > 15.0；仅提示人工核查，不代表化学错误
696_features,494,EState_VSA3,统计极端值,WARNING,157.4642419,|robust z| > 15.0；仅提示人工核查，不代表化学错误
696_features,494,VSA_EState2,统计极端值,WARNING,185.1726192,|robust z| > 15.0；仅提示人工核查，不代表化学错误
696_features,495,Conju-Branch-Ratio,统计极端值,WARNING,1.333333333,|robust z| > 15.0；仅提示人工核查，不代表化学错误
696_features,505,VSA_EState5,统计极端值,WARNING,19.1447529,|robust z| > 15.0；仅提示人工核查，不代表化学错误
696_features,506,VSA_EState3,统计极端值,WARNING,53.16792333,|robust z| > 15.0；仅提示人工核查，不代表化学错误
696_features,506,VSA_EState5,统计极端值,WARNING,16.86998067,|robust z| > 15.0；仅提示人工核查，不代表化学错误
696_features,507,VSA_EState3,统计极端值,WARNING,56.24035735,|robust z| > 15.0；仅提示人工核查，不代表化学错误
696_features,508,Conju-Branch-Num,统计极端值,WARNING,27.0,|robust z| > 15.0；仅提示人工核查，不代表化学错误
696_features,508,Conju-Branch-Ratio,统计极端值,WARNING,1.4,|robust z| > 15.0；仅提示人工核查，不代表化学错误
696_features,508,VSA_EState3,统计极端值,WARNING,57.23565687,|robust z| > 15.0；仅提示人工核查，不代表化学错误
696_features,508,VSA_EState5,统计极端值,WARNING,18.21626059,|robust z| > 15.0；仅提示人工核查，不代表化学错误
696_features,509,VSA_EState3,统计极端值,WARNING,56.12139361,|robust z| > 15.0；仅提示人工核查，不代表化学错误
696_features,509,VSA_EState5,统计极端值,WARNING,18.4710947,|robust z| > 15.0；仅提示人工核查，不代表化学错误
696_features,510,VSA_EState5,统计极端值,WARNING,19.01193281,|robust z| > 15.0；仅提示人工核查，不代表化学错误
696_features,511,VSA_EState3,统计极端值,WARNING,61.04772031,|robust z| > 15.0；仅提示人工核查，不代表化学错误
696_features,511,VSA_EState5,统计极端值,WARNING,18.33827462,|robust z| > 15.0；仅提示人工核查，不代表化学错误
696_features,516,Conju-Branch-Ratio,统计极端值,WARNING,1.444444444,|robust z| > 15.0；仅提示人工核查，不代表化学错误
696_features,520,VSA_EState5,统计极端值,WARNING,53.715287,|robust z| > 15.0；仅提示人工核查，不代表化学错误
696_features,521,VSA_EState5,统计极端值,WARNING,53.35955247,|robust z| > 15.0；仅提示人工核查，不代表化学错误
696_features,522,VSA_EState5,统计极端值,WARNING,26.73342155,|robust z| > 15.0；仅提示人工核查，不代表化学错误
696_features,534,VSA_EState3,统计极端值,WARNING,37.57389192,|robust z| > 15.0；仅提示人工核查，不代表化学错误
696_features,537,VSA_EState5,统计极端值,WARNING,16.78958644,|robust z| > 15.0；仅提示人工核查，不代表化学错误
696_features,538,VSA_EState5,统计极端值,WARNING,17.35556084,|robust z| > 15.0；仅提示人工核查，不代表化学错误
696_features,539,VSA_EState5,统计极端值,WARNING,17.38007609,|robust z| > 15.0；仅提示人工核查，不代表化学错误
696_features,540,VSA_EState5,统计极端值,WARNING,14.06386845,|robust z| > 15.0；仅提示人工核查，不代表化学错误
696_features,541,VSA_EState1,统计极端值,WARNING,60.01785853,|robust z| > 15.0；仅提示人工核查，不代表化学错误
696_features,543,VSA_EState1,统计极端值,WARNING,54.81364572,|robust z| > 15.0；仅提示人工核查，不代表化学错误
696_features,544,VSA_EState1,统计极端值,WARNING,86.16805993,|robust z| > 15.0；仅提示人工核查，不代表化学错误
696_features,545,VSA_EState1,统计极端值,WARNING,58.13165792,|robust z| > 15.0；仅提示人工核查，不代表化学错误
696_features,546,VSA_EState1,统计极端值,WARNING,66.05695341,|robust z| > 15.0；仅提示人工核查，不代表化学错误
696_features,546,VSA_EState5,统计极端值,WARNING,-9.777203075,|robust z| > 15.0；仅提示人工核查，不代表化学错误
696_features,547,VSA_EState1,统计极端值,WARNING,65.99725205,|robust z| > 15.0；仅提示人工核查，不代表化学错误
696_features,547,VSA_EState5,统计极端值,WARNING,-9.80087644,|robust z| > 15.0；仅提示人工核查，不代表化学错误
696_features,548,VSA_EState1,统计极端值,WARNING,66.03190228,|robust z| > 15.0；仅提示人工核查，不代表化学错误
696_features,548,VSA_EState5,统计极端值,WARNING,-9.81643361,|robust z| > 15.0；仅提示人工核查，不代表化学错误
696_features,549,VSA_EState5,统计极端值,WARNING,19.35782236,|robust z| > 15.0；仅提示人工核查，不代表化学错误
696_features,550,VSA_EState5,统计极端值,WARNING,19.43272246,|robust z| > 15.0；仅提示人工核查，不代表化学错误
696_features,551,VSA_EState5,统计极端值,WARNING,19.44682718,|robust z| > 15.0；仅提示人工核查，不代表化学错误
696_features,552,Conju-Branch-Ratio,统计极端值,WARNING,1.416666667,|robust z| > 15.0；仅提示人工核查，不代表化学错误
696_features,552,VSA_EState5,统计极端值,WARNING,19.52506251,|robust z| > 15.0；仅提示人工核查，不代表化学错误
696_features,557,VSA_EState1,统计极端值,WARNING,78.15898132,|robust z| > 15.0；仅提示人工核查，不代表化学错误
696_features,558,VSA_EState1,统计极端值,WARNING,77.96947466,|robust z| > 15.0；仅提示人工核查，不代表化学错误
696_features,566,VSA_EState5,统计极端值,WARNING,14.31690465,|robust z| > 15.0；仅提示人工核查，不代表化学错误
696_features,568,Conju-Branch-Ratio,统计极端值,WARNING,1.625,|robust z| > 15.0；仅提示人工核查，不代表化学错误
696_features,568,VSA_EState5,统计极端值,WARNING,12.23580064,|robust z| > 15.0；仅提示人工核查，不代表化学错误
696_features,569,Conju-Branch-Num,统计极端值,WARNING,27.0,|robust z| > 15.0；仅提示人工核查，不代表化学错误
696_features,569,Conju-Branch-Ratio,统计极端值,WARNING,1.5,|robust z| > 15.0；仅提示人工核查，不代表化学错误
696_features,569,VSA_EState5,统计极端值,WARNING,18.31418396,|robust z| > 15.0；仅提示人工核查，不代表化学错误
696_features,571,Conju-Branch-Ratio,统计极端值,WARNING,1.352941176,|robust z| > 15.0；仅提示人工核查，不代表化学错误
696_features,579,VSA_EState5,统计极端值,WARNING,13.33343175,|robust z| > 15.0；仅提示人工核查，不代表化学错误
696_features,584,Dielectic Constant (Solvent),溶剂参数为0，可能代表未知或缺失溶剂信息,WARNING,0.0,返回原始溶剂名称核查；不自动删除
696_features,584,ET(30) (Solvent),溶剂参数为0，可能代表未知或缺失溶剂信息,WARNING,0.0,返回原始溶剂名称核查；不自动删除
696_features,587,VSA_EState3,统计极端值,WARNING,40.31829514,|robust z| > 15.0；仅提示人工核查，不代表化学错误
696_features,590,VSA_EState1,统计极端值,WARNING,76.31549566,|robust z| > 15.0；仅提示人工核查，不代表化学错误
696_features,590,VSA_EState5,统计极端值,WARNING,20.18780406,|robust z| > 15.0；仅提示人工核查，不代表化学错误
696_features,612,VSA_EState1,统计极端值,WARNING,186.89892,|robust z| > 15.0；仅提示人工核查，不代表化学错误
696_features,612,VSA_EState5,统计极端值,WARNING,19.04696326,|robust z| > 15.0；仅提示人工核查，不代表化学错误
696_features,614,EState_VSA5,统计极端值,WARNING,502.4535831,|robust z| > 15.0；仅提示人工核查，不代表化学错误
696_features,614,SMR_VSA5,统计极端值,WARNING,484.5791152,|robust z| > 15.0；仅提示人工核查，不代表化学错误
696_features,615,VSA_EState1,统计极端值,WARNING,197.0882993,|robust z| > 15.0；仅提示人工核查，不代表化学错误
696_features,616,VSA_EState1,统计极端值,WARNING,186.8300187,|robust z| > 15.0；仅提示人工核查，不代表化学错误
696_features,617,VSA_EState1,统计极端值,WARNING,269.5398998,|robust z| > 15.0；仅提示人工核查，不代表化学错误
696_features,618,VSA_EState1,统计极端值,WARNING,187.022667,|robust z| > 15.0；仅提示人工核查，不代表化学错误
696_features,638,VSA_EState3,统计极端值,WARNING,36.79069221,|robust z| > 15.0；仅提示人工核查，不代表化学错误
696_features,641,VSA_EState1,统计极端值,WARNING,78.89936817,|robust z| > 15.0；仅提示人工核查，不代表化学错误
696_features,642,Dielectic Constant (Solvent),溶剂参数为0，可能代表未知或缺失溶剂信息,WARNING,0.0,返回原始溶剂名称核查；不自动删除
696_features,642,ET(30) (Solvent),溶剂参数为0，可能代表未知或缺失溶剂信息,WARNING,0.0,返回原始溶剂名称核查；不自动删除
696_features,643,Dielectic Constant (Solvent),溶剂参数为0，可能代表未知或缺失溶剂信息,WARNING,0.0,返回原始溶剂名称核查；不自动删除
696_features,643,ET(30) (Solvent),溶剂参数为0，可能代表未知或缺失溶剂信息,WARNING,0.0,返回原始溶剂名称核查；不自动删除
696_features,644,VSA_EState1,统计极端值,WARNING,63.28761348,|robust z| > 15.0；仅提示人工核查，不代表化学错误
696_features,644,VSA_EState5,统计极端值,WARNING,8.960825925,|robust z| > 15.0；仅提示人工核查，不代表化学错误
696_features,645,VSA_EState1,统计极端值,WARNING,104.5760175,|robust z| > 15.0；仅提示人工核查，不代表化学错误
696_features,645,VSA_EState5,统计极端值,WARNING,13.57156503,|robust z| > 15.0；仅提示人工核查，不代表化学错误
696_features,659,SMR_VSA7,统计极端值,WARNING,1296.253651,|robust z| > 15.0；仅提示人工核查，不代表化学错误
696_features,669,Conju-Branch-Ratio,统计极端值,WARNING,2.090909091,|robust z| > 15.0；仅提示人工核查，不代表化学错误
696_features,672,VSA_EState5,统计极端值,WARNING,13.36153524,|robust z| > 15.0；仅提示人工核查，不代表化学错误
696_features,673,VSA_EState5,统计极端值,WARNING,11.26016784,|robust z| > 15.0；仅提示人工核查，不代表化学错误
696_features,674,VSA_EState5,统计极端值,WARNING,25.55369706,|robust z| > 15.0；仅提示人工核查，不代表化学错误
696_features,677,VSA_EState1,统计极端值,WARNING,64.9013114,|robust z| > 15.0；仅提示人工核查，不代表化学错误
696_features,707,Conju-Branch-Num,统计极端值,WARNING,27.0,|robust z| > 15.0；仅提示人工核查，不代表化学错误
696_features,716,VSA_EState5,统计极端值,WARNING,11.32503422,|robust z| > 15.0；仅提示人工核查，不代表化学错误
696_features,717,VSA_EState5,统计极端值,WARNING,17.3565494,|robust z| > 15.0；仅提示人工核查，不代表化学错误
696_features,719,VSA_EState5,统计极端值,WARNING,11.18320038,|robust z| > 15.0；仅提示人工核查，不代表化学错误
696_features,721,SlogP_VSA8,统计极端值,WARNING,387.8081434,|robust z| > 15.0；仅提示人工核查，不代表化学错误
696_features,721,VSA_EState3,统计极端值,WARNING,94.97762752,|robust z| > 15.0；仅提示人工核查，不代表化学错误
696_features,722,EState_VSA5,统计极端值,WARNING,454.9240159,|robust z| > 15.0；仅提示人工核查，不代表化学错误
696_features,722,SlogP_VSA8,统计极端值,WARNING,382.6087995,|robust z| > 15.0；仅提示人工核查，不代表化学错误
696_features,722,VSA_EState3,统计极端值,WARNING,97.56391663,|robust z| > 15.0；仅提示人工核查，不代表化学错误
696_features,723,EState_VSA5,统计极端值,WARNING,465.6964643,|robust z| > 15.0；仅提示人工核查，不代表化学错误
696_features,723,SlogP_VSA8,统计极端值,WARNING,387.8081434,|robust z| > 15.0；仅提示人工核查，不代表化学错误
696_features,723,VSA_EState3,统计极端值,WARNING,101.7584599,|robust z| > 15.0；仅提示人工核查，不代表化学错误
696_features,723,VSA_EState8,统计极端值,WARNING,105.763501,|robust z| > 15.0；仅提示人工核查，不代表化学错误
696_features,724,VSA_EState5,统计极端值,WARNING,27.43558243,|robust z| > 15.0；仅提示人工核查，不代表化学错误
696_features,725,VSA_EState5,统计极端值,WARNING,27.49350751,|robust z| > 15.0；仅提示人工核查，不代表化学错误
696_features,726,VSA_EState5,统计极端值,WARNING,14.05769301,|robust z| > 15.0；仅提示人工核查，不代表化学错误
696_features,734,Conju-Branch-Ratio,统计极端值,WARNING,1.5,|robust z| > 15.0；仅提示人工核查，不代表化学错误
696_features,735,Conju-Branch-Ratio,统计极端值,WARNING,1.916666667,|robust z| > 15.0；仅提示人工核查，不代表化学错误
696_features,735,VSA_EState1,统计极端值,WARNING,78.64856775,|robust z| > 15.0；仅提示人工核查，不代表化学错误
696_features,736,Conju-Branch-Num,统计极端值,WARNING,48.0,|robust z| > 15.0；仅提示人工核查，不代表化学错误
696_features,736,Conju-Branch-Ratio,统计极端值,WARNING,1.352941176,|robust z| > 15.0；仅提示人工核查，不代表化学错误
696_features,736,VSA_EState1,统计极端值,WARNING,116.1224331,|robust z| > 15.0；仅提示人工核查，不代表化学错误
696_features,737,VSA_EState1,统计极端值,WARNING,150.3655831,|robust z| > 15.0；仅提示人工核查，不代表化学错误
696_features,741,VSA_EState5,统计极端值,WARNING,12.41159661,|robust z| > 15.0；仅提示人工核查，不代表化学错误
696_features,742,VSA_EState5,统计极端值,WARNING,14.57763421,|robust z| > 15.0；仅提示人工核查，不代表化学错误
696_features,743,VSA_EState5,统计极端值,WARNING,13.26319242,|robust z| > 15.0；仅提示人工核查，不代表化学错误
696_features,748,VSA_EState1,统计极端值,WARNING,79.93142358,|robust z| > 15.0；仅提示人工核查，不代表化学错误
696_features,750,VSA_EState1,统计极端值,WARNING,57.17407548,|robust z| > 15.0；仅提示人工核查，不代表化学错误
696_features,751,VSA_EState1,统计极端值,WARNING,58.26221249,|robust z| > 15.0；仅提示人工核查，不代表化学错误
696_features,752,Conju-Branch-Num,统计极端值,WARNING,25.0,|robust z| > 15.0；仅提示人工核查，不代表化学错误
696_features,752,VSA_EState1,统计极端值,WARNING,129.8539337,|robust z| > 15.0；仅提示人工核查，不代表化学错误
696_features,753,Conju-Branch-Num,统计极端值,WARNING,75.0,|robust z| > 15.0；仅提示人工核查，不代表化学错误
696_features,753,VSA_EState1,统计极端值,WARNING,196.714854,|robust z| > 15.0；仅提示人工核查，不代表化学错误
696_features,754,VSA_EState1,统计极端值,WARNING,132.1590989,|robust z| > 15.0；仅提示人工核查，不代表化学错误
696_features,755,VSA_EState1,统计极端值,WARNING,134.0040439,|robust z| > 15.0；仅提示人工核查，不代表化学错误
696_features,756,VSA_EState1,统计极端值,WARNING,131.9056889,|robust z| > 15.0；仅提示人工核查，不代表化学错误
696_features,763,VSA_EState1,统计极端值,WARNING,70.58890001,|robust z| > 15.0；仅提示人工核查，不代表化学错误
696_features,782,VSA_EState5,统计极端值,WARNING,15.31312345,|robust z| > 15.0；仅提示人工核查，不代表化学错误
696_features,783,VSA_EState5,统计极端值,WARNING,15.31312345,|robust z| > 15.0；仅提示人工核查，不代表化学错误
696_features,784,VSA_EState5,统计极端值,WARNING,10.93608673,|robust z| > 15.0；仅提示人工核查，不代表化学错误
696_features,785,VSA_EState5,统计极端值,WARNING,10.83077632,|robust z| > 15.0；仅提示人工核查，不代表化学错误
696_features,786,VSA_EState5,统计极端值,WARNING,10.42776827,|robust z| > 15.0；仅提示人工核查，不代表化学错误
696_features,787,VSA_EState5,统计极端值,WARNING,12.56231314,|robust z| > 15.0；仅提示人工核查，不代表化学错误
696_features,792,VSA_EState1,统计极端值,WARNING,61.04833539,|robust z| > 15.0；仅提示人工核查，不代表化学错误
696_features,796,VSA_EState5,统计极端值,WARNING,13.39774568,|robust z| > 15.0；仅提示人工核查，不代表化学错误
696_features,798,VSA_EState5,统计极端值,WARNING,13.92676193,|robust z| > 15.0；仅提示人工核查，不代表化学错误
696_features,803,BertzCT,统计极端值,WARNING,19726.22544,|robust z| > 15.0；仅提示人工核查，不代表化学错误
696_features,803,Chi3n,统计极端值,WARNING,90.32480412,|robust z| > 15.0；仅提示人工核查，不代表化学错误
696_features,803,Chi3v,统计极端值,WARNING,90.32480412,|robust z| > 15.0；仅提示人工核查，不代表化学错误
696_features,803,Chi4n,统计极端值,WARNING,70.63843177,|robust z| > 15.0；仅提示人工核查，不代表化学错误
696_features,803,Chi4v,统计极端值,WARNING,70.63843177,|robust z| > 15.0；仅提示人工核查，不代表化学错误
696_features,803,Conju-Branch-Ratio,统计极端值,WARNING,1.375,|robust z| > 15.0；仅提示人工核查，不代表化学错误
696_features,803,EState_VSA4,统计极端值,WARNING,946.8963922,|robust z| > 15.0；仅提示人工核查，不代表化学错误
696_features,803,NumRotatableBonds,统计极端值,WARNING,138.0,|robust z| > 15.0；仅提示人工核查，不代表化学错误
696_features,803,RingCount,统计极端值,WARNING,53.0,|robust z| > 15.0；仅提示人工核查，不代表化学错误
696_features,803,SMR_VSA5,统计极端值,WARNING,834.706811,|robust z| > 15.0；仅提示人工核查，不代表化学错误
696_features,803,SlogP_VSA5,统计极端值,WARNING,891.8259361,|robust z| > 15.0；仅提示人工核查，不代表化学错误
696_features,803,VSA_EState4,统计极端值,WARNING,105.2496707,|robust z| > 15.0；仅提示人工核查，不代表化学错误
696_features,804,BertzCT,统计极端值,WARNING,20679.47402,|robust z| > 15.0；仅提示人工核查，不代表化学错误
696_features,804,Chi0n,统计极端值,WARNING,248.934131,|robust z| > 15.0；仅提示人工核查，不代表化学错误
696_features,804,Chi0v,统计极端值,WARNING,248.934131,|robust z| > 15.0；仅提示人工核查，不代表化学错误
696_features,804,Chi1n,统计极端值,WARNING,160.9875204,|robust z| > 15.0；仅提示人工核查，不代表化学错误
696_features,804,Chi1v,统计极端值,WARNING,160.9875204,|robust z| > 15.0；仅提示人工核查，不代表化学错误
696_features,804,Chi2n,统计极端值,WARNING,122.1044599,|robust z| > 15.0；仅提示人工核查，不代表化学错误
696_features,804,Chi2v,统计极端值,WARNING,122.1044599,|robust z| > 15.0；仅提示人工核查，不代表化学错误
696_features,804,Chi3n,统计极端值,WARNING,95.7180199,|robust z| > 15.0；仅提示人工核查，不代表化学错误
696_features,804,Chi3v,统计极端值,WARNING,95.7180199,|robust z| > 15.0；仅提示人工核查，不代表化学错误
696_features,804,Chi4n,统计极端值,WARNING,74.99151408,|robust z| > 15.0；仅提示人工核查，不代表化学错误
696_features,804,Chi4v,统计极端值,WARNING,74.99151408,|robust z| > 15.0；仅提示人工核查，不代表化学错误
696_features,804,EState_VSA4,统计极端值,WARNING,988.3550633,|robust z| > 15.0；仅提示人工核查，不代表化学错误
696_features,804,HeavyAtomCount,统计极端值,WARNING,409.0,|robust z| > 15.0；仅提示人工核查，不代表化学错误
696_features,804,NumRotatableBonds,统计极端值,WARNING,148.0,|robust z| > 15.0；仅提示人工核查，不代表化学错误
696_features,804,PEOE_VSA7,统计极端值,WARNING,847.0938385,|robust z| > 15.0；仅提示人工核查，不代表化学错误
696_features,804,RingCount,统计极端值,WARNING,55.0,|robust z| > 15.0；仅提示人工核查，不代表化学错误
696_features,804,SMR_VSA5,统计极端值,WARNING,918.1774921,|robust z| > 15.0；仅提示人工核查，不代表化学错误
696_features,804,SlogP_VSA5,统计极端值,WARNING,981.0085297,|robust z| > 15.0；仅提示人工核查，不代表化学错误
696_features,804,VSA_EState4,统计极端值,WARNING,111.7883999,|robust z| > 15.0；仅提示人工核查，不代表化学错误
696_features,806,EState_VSA5,统计极端值,WARNING,480.6780455,|robust z| > 15.0；仅提示人工核查，不代表化学错误
696_features,806,SMR_VSA5,统计极端值,WARNING,610.4809698,|robust z| > 15.0；仅提示人工核查，不代表化学错误
696_features,807,SMR_VSA5,统计极端值,WARNING,500.8240866,|robust z| > 15.0；仅提示人工核查，不代表化学错误
696_features,808,BertzCT,统计极端值,WARNING,21705.87923,|robust z| > 15.0；仅提示人工核查，不代表化学错误
696_features,808,Chi0,统计极端值,WARNING,319.0544131,|robust z| > 15.0；仅提示人工核查，不代表化学错误
696_features,808,Chi0n,统计极端值,WARNING,287.2440593,|robust z| > 15.0；仅提示人工核查，不代表化学错误
696_features,808,Chi0v,统计极端值,WARNING,287.2440593,|robust z| > 15.0；仅提示人工核查，不代表化学错误
696_features,808,Chi1,统计极端值,WARNING,229.3688022,|robust z| > 15.0；仅提示人工核查，不代表化学错误
696_features,808,Chi1n,统计极端值,WARNING,186.3813182,|robust z| > 15.0；仅提示人工核查，不代表化学错误
696_features,808,Chi1v,统计极端值,WARNING,186.3813182,|robust z| > 15.0；仅提示人工核查，不代表化学错误
696_features,808,Chi2n,统计极端值,WARNING,141.3226571,|robust z| > 15.0；仅提示人工核查，不代表化学错误
696_features,808,Chi2v,统计极端值,WARNING,141.3226571,|robust z| > 15.0；仅提示人工核查，不代表化学错误
696_features,808,Chi3n,统计极端值,WARNING,111.2807772,|robust z| > 15.0；仅提示人工核查，不代表化学错误
696_features,808,Chi3v,统计极端值,WARNING,111.2807772,|robust z| > 15.0；仅提示人工核查，不代表化学错误
696_features,808,Chi4n,统计极端值,WARNING,87.64401824,|robust z| > 15.0；仅提示人工核查，不代表化学错误
696_features,808,Chi4v,统计极端值,WARNING,87.64401824,|robust z| > 15.0；仅提示人工核查，不代表化学错误
696_features,808,Conju-Branch-Num,统计极端值,WARNING,64.0,|robust z| > 15.0；仅提示人工核查，不代表化学错误
696_features,808,Conju-Branch-Ratio,统计极端值,WARNING,1.620689655,|robust z| > 15.0；仅提示人工核查，不代表化学错误
696_features,808,EState_VSA4,统计极端值,WARNING,898.3069646,|robust z| > 15.0；仅提示人工核查，不代表化学错误
696_features,808,EState_VSA5,统计极端值,WARNING,562.1584726,|robust z| > 15.0；仅提示人工核查，不代表化学错误
696_features,808,ExactMolWt,统计极端值,WARNING,6148.175716,|robust z| > 15.0；仅提示人工核查，不代表化学错误
696_features,808,HeavyAtomCount,统计极端值,WARNING,465.0,|robust z| > 15.0；仅提示人工核查，不代表化学错误
696_features,808,HeavyAtomMolWt,统计极端值,WARNING,5621.039,|robust z| > 15.0；仅提示人工核查，不代表化学错误
696_features,808,Kappa1,统计极端值,WARNING,329.4495341,|robust z| > 15.0；仅提示人工核查，不代表化学错误
696_features,808,Kappa2,统计极端值,WARNING,156.5986108,|robust z| > 15.0；仅提示人工核查，不代表化学错误
696_features,808,LabuteASA,统计极端值,WARNING,2796.121127,|robust z| > 15.0；仅提示人工核查，不代表化学错误
696_features,808,MolLogP,统计极端值,WARNING,138.883,|robust z| > 15.0；仅提示人工核查，不代表化学错误
696_features,808,MolMR,统计极端值,WARNING,2003.008,|robust z| > 15.0；仅提示人工核查，不代表化学错误
696_features,808,MolWt,统计极端值,WARNING,6153.263,|robust z| > 15.0；仅提示人工核查，不代表化学错误
696_features,808,NumRotatableBonds,统计极端值,WARNING,184.0,|robust z| > 15.0；仅提示人工核查，不代表化学错误
696_features,808,NumValenceElectrons,统计极端值,WARNING,2406.0,|robust z| > 15.0；仅提示人工核查，不代表化学错误
696_features,808,PEOE_VSA7,统计极端值,WARNING,1025.176591,|robust z| > 15.0；仅提示人工核查，不代表化学错误
696_features,808,RingCount,统计极端值,WARNING,59.0,|robust z| > 15.0；仅提示人工核查，不代表化学错误
696_features,808,SMR_VSA5,统计极端值,WARNING,1168.589535,|robust z| > 15.0；仅提示人工核查，不代表化学错误
696_features,808,SlogP_VSA5,统计极端值,WARNING,1248.556311,|robust z| > 15.0；仅提示人工核查，不代表化学错误
696_features,808,VSA_EState4,统计极端值,WARNING,125.0262323,|robust z| > 15.0；仅提示人工核查，不代表化学错误
696_features,843,VSA_EState5,统计极端值,WARNING,12.90467952,|robust z| > 15.0；仅提示人工核查，不代表化学错误
696_features,844,VSA_EState5,统计极端值,WARNING,13.2792086,|robust z| > 15.0；仅提示人工核查，不代表化学错误
696_features,845,VSA_EState5,统计极端值,WARNING,13.07189794,|robust z| > 15.0；仅提示人工核查，不代表化学错误
696_features,846,VSA_EState3,统计极端值,WARNING,37.65880966,|robust z| > 15.0；仅提示人工核查，不代表化学错误
696_features,846,VSA_EState5,统计极端值,WARNING,12.72515439,|robust z| > 15.0；仅提示人工核查，不代表化学错误
696_features,851,VSA_EState5,统计极端值,WARNING,14.08353299,|robust z| > 15.0；仅提示人工核查，不代表化学错误
94_features,9,ALL_FEATURES,整行数据与其他样本完全重复,WARNING,duplicate row,可能是相同实验记录，也可能是重复样本；需结合原始分子ID核查
94_features,41,Conju-Branch-Ratio,统计极端值,WARNING,1.764705882,|robust z| > 15.0；仅提示人工核查，不代表化学错误
94_features,42,Conju-Branch-Ratio,统计极端值,WARNING,1.764705882,|robust z| > 15.0；仅提示人工核查，不代表化学错误
94_features,55,Apperant-Elec-Count-PositiveDisCoef,统计极端值,WARNING,206993.0,|robust z| > 15.0；仅提示人工核查，不代表化学错误
94_features,55,Atomic-LogP-PositiveDisCoef,统计极端值,WARNING,6391.021593,|robust z| > 15.0；仅提示人工核查，不代表化学错误
94_features,55,Atomic-MR-PositiveDisCoef,统计极端值,WARNING,2484805.148,|robust z| > 15.0；仅提示人工核查，不代表化学错误
94_features,55,EState-Indice-PositiveDisCoef,统计极端值,WARNING,928212.5249,|robust z| > 15.0；仅提示人工核查，不代表化学错误
94_features,55,PEOE-Charge-PositiveDisCoef,统计极端值,WARNING,337.4027728,|robust z| > 15.0；仅提示人工核查，不代表化学错误
94_features,97,Atomic-MR-PositiveDisCoef,统计极端值,WARNING,1270542.823,|robust z| > 15.0；仅提示人工核查，不代表化学错误
94_features,97,EState-Indice-PositiveDisCoef,统计极端值,WARNING,473096.2859,|robust z| > 15.0；仅提示人工核查，不代表化学错误
94_features,113,ET(30) (Solvent),溶剂参数为0，可能代表未知或缺失溶剂信息,WARNING,0.0,返回原始溶剂名称核查；不自动删除
94_features,114,ET(30) (Solvent),溶剂参数为0，可能代表未知或缺失溶剂信息,WARNING,0.0,返回原始溶剂名称核查；不自动删除
94_features,115,ET(30) (Solvent),溶剂参数为0，可能代表未知或缺失溶剂信息,WARNING,0.0,返回原始溶剂名称核查；不自动删除
94_features,116,ET(30) (Solvent),溶剂参数为0，可能代表未知或缺失溶剂信息,WARNING,0.0,返回原始溶剂名称核查；不自动删除
94_features,117,ET(30) (Solvent),溶剂参数为0，可能代表未知或缺失溶剂信息,WARNING,0.0,返回原始溶剂名称核查；不自动删除
94_features,118,ET(30) (Solvent),溶剂参数为0，可能代表未知或缺失溶剂信息,WARNING,0.0,返回原始溶剂名称核查；不自动删除
94_features,119,ET(30) (Solvent),溶剂参数为0，可能代表未知或缺失溶剂信息,WARNING,0.0,返回原始溶剂名称核查；不自动删除
94_features,119,PEOE-Charge-NegativeDisCoef-PairMean,统计极端值,WARNING,-0.003253205,|robust z| > 15.0；仅提示人工核查，不代表化学错误
94_features,120,ET(30) (Solvent),溶剂参数为0，可能代表未知或缺失溶剂信息,WARNING,0.0,返回原始溶剂名称核查；不自动删除
94_features,121,Atomic-LogP-PositiveDisCoef,统计极端值,WARNING,2580.473988,|robust z| > 15.0；仅提示人工核查，不代表化学错误
94_features,122,Apperant-Elec-Count-PositiveDisCoef,统计极端值,WARNING,101832.0,|robust z| > 15.0；仅提示人工核查，不代表化学错误
94_features,122,Atomic-LogP-PositiveDisCoef,统计极端值,WARNING,3624.582715,|robust z| > 15.0；仅提示人工核查，不代表化学错误
94_features,122,Atomic-MR-PositiveDisCoef,统计极端值,WARNING,1197841.345,|robust z| > 15.0；仅提示人工核查，不代表化学错误
94_features,123,Atomic-LogP-PositiveDisCoef,统计极端值,WARNING,2451.307414,|robust z| > 15.0；仅提示人工核查，不代表化学错误
94_features,171,Conju-Branch-Ratio,统计极端值,WARNING,1.625,|robust z| > 15.0；仅提示人工核查，不代表化学错误
94_features,175,Atomic-LogP-PositiveDisCoef,统计极端值,WARNING,2296.208341,|robust z| > 15.0；仅提示人工核查，不代表化学错误
94_features,179,Atomic-LogP-PositiveDisCoef,统计极端值,WARNING,2065.179269,|robust z| > 15.0；仅提示人工核查，不代表化学错误
94_features,182,Atomic-LogP-PositiveDisCoef,统计极端值,WARNING,1934.914251,|robust z| > 15.0；仅提示人工核查，不代表化学错误
94_features,193,Conju-Branch-Ratio,统计极端值,WARNING,1.666666667,|robust z| > 15.0；仅提示人工核查，不代表化学错误
94_features,193,ET(30) (Solvent),溶剂参数为0，可能代表未知或缺失溶剂信息,WARNING,0.0,返回原始溶剂名称核查；不自动删除
94_features,194,ET(30) (Solvent),溶剂参数为0，可能代表未知或缺失溶剂信息,WARNING,0.0,返回原始溶剂名称核查；不自动删除
94_features,213,Apperant-Elec-Count-PositiveDisCoef,统计极端值,WARNING,280185.0,|robust z| > 15.0；仅提示人工核查，不代表化学错误
94_features,213,Atomic-LogP-PositiveDisCoef,统计极端值,WARNING,7747.020931,|robust z| > 15.0；仅提示人工核查，不代表化学错误
94_features,213,Atomic-MR-PositiveDisCoef,统计极端值,WARNING,3552773.904,|robust z| > 15.0；仅提示人工核查，不代表化学错误
94_features,213,Conju-Branch-Ratio,统计极端值,WARNING,1.34,|robust z| > 15.0；仅提示人工核查，不代表化学错误
94_features,213,EState-Indice-PositiveDisCoef,统计极端值,WARNING,1110892.398,|robust z| > 15.0；仅提示人工核查，不代表化学错误
94_features,213,PEOE-Charge-PositiveDisCoef,统计极端值,WARNING,867.0136331,|robust z| > 15.0；仅提示人工核查，不代表化学错误
94_features,217,Apperant-Elec-Count-PositiveDisCoef,统计极端值,WARNING,130854.0,|robust z| > 15.0；仅提示人工核查，不代表化学错误
94_features,217,Atomic-LogP-PositiveDisCoef,统计极端值,WARNING,3415.215122,|robust z| > 15.0；仅提示人工核查，不代表化学错误
94_features,217,Atomic-MR-PositiveDisCoef,统计极端值,WARNING,1563878.087,|robust z| > 15.0；仅提示人工核查，不代表化学错误
94_features,217,EState-Indice-PositiveDisCoef,统计极端值,WARNING,606015.0717,|robust z| > 15.0；仅提示人工核查，不代表化学错误
94_features,217,PEOE-Charge-PositiveDisCoef,统计极端值,WARNING,215.4663816,|robust z| > 15.0；仅提示人工核查，不代表化学错误
94_features,314,Atomic-LogP-PositiveDisCoef,统计极端值,WARNING,1925.339496,|robust z| > 15.0；仅提示人工核查，不代表化学错误
94_features,316,Apperant-Elec-Count-PositiveDisCoef,统计极端值,WARNING,108867.0,|robust z| > 15.0；仅提示人工核查，不代表化学错误
94_features,316,Atomic-LogP-PositiveDisCoef,统计极端值,WARNING,3168.124618,|robust z| > 15.0；仅提示人工核查，不代表化学错误
94_features,316,Atomic-MR-PositiveDisCoef,统计极端值,WARNING,1302498.483,|robust z| > 15.0；仅提示人工核查，不代表化学错误
94_features,316,PEOE-Charge-PositiveDisCoef,统计极端值,WARNING,255.8578192,|robust z| > 15.0；仅提示人工核查，不代表化学错误
94_features,317,Apperant-Elec-Count-PositiveDisCoef,统计极端值,WARNING,124719.0,|robust z| > 15.0；仅提示人工核查，不代表化学错误
94_features,317,Atomic-LogP-PositiveDisCoef,统计极端值,WARNING,3788.437004,|robust z| > 15.0；仅提示人工核查，不代表化学错误
94_features,317,Atomic-MR-PositiveDisCoef,统计极端值,WARNING,1517291.039,|robust z| > 15.0；仅提示人工核查，不代表化学错误
94_features,317,EState-Indice-PositiveDisCoef,统计极端值,WARNING,469311.0178,|robust z| > 15.0；仅提示人工核查，不代表化学错误
94_features,317,PEOE-Charge-PositiveDisCoef,统计极端值,WARNING,256.292485,|robust z| > 15.0；仅提示人工核查，不代表化学错误
94_features,321,Atomic-LogP-PositiveDisCoef,统计极端值,WARNING,1767.458371,|robust z| > 15.0；仅提示人工核查，不代表化学错误
94_features,351,Atomic-LogP-NegativeDisCoef-PairMean,统计极端值,WARNING,0.038213953,|robust z| > 15.0；仅提示人工核查，不代表化学错误
94_features,377,Atomic-LogP-PositiveDisCoef,统计极端值,WARNING,1745.902477,|robust z| > 15.0；仅提示人工核查，不代表化学错误
94_features,380,Conju-Branch-Ratio,统计极端值,WARNING,1.458333333,|robust z| > 15.0；仅提示人工核查，不代表化学错误
94_features,384,Conju-Branch-Ratio,统计极端值,WARNING,1.5,|robust z| > 15.0；仅提示人工核查，不代表化学错误
94_features,385,Conju-Branch-Ratio,统计极端值,WARNING,1.333333333,|robust z| > 15.0；仅提示人工核查，不代表化学错误
94_features,392,Atomic-LogP-PositiveDisCoef,统计极端值,WARNING,2093.675314,|robust z| > 15.0；仅提示人工核查，不代表化学错误
94_features,395,Atomic-LogP-PositiveDisCoef,统计极端值,WARNING,2093.675314,|robust z| > 15.0；仅提示人工核查，不代表化学错误
94_features,439,Atomic-LogP-PositiveDisCoef,统计极端值,WARNING,2000.874474,|robust z| > 15.0；仅提示人工核查，不代表化学错误
94_features,440,Atomic-LogP-PositiveDisCoef,统计极端值,WARNING,2051.379591,|robust z| > 15.0；仅提示人工核查，不代表化学错误
94_features,446,Conju-Branch-Ratio,统计极端值,WARNING,2.090909091,|robust z| > 15.0；仅提示人工核查，不代表化学错误
94_features,459,Atomic-LogP-PositiveDisCoef,统计极端值,WARNING,2046.455984,|robust z| > 15.0；仅提示人工核查，不代表化学错误
94_features,466,Conju-Branch-Ratio,统计极端值,WARNING,1.461538462,|robust z| > 15.0；仅提示人工核查，不代表化学错误
94_features,467,Atomic-LogP-PositiveDisCoef,统计极端值,WARNING,2429.992952,|robust z| > 15.0；仅提示人工核查，不代表化学错误
94_features,468,Conju-Branch-Ratio,统计极端值,WARNING,1.481481481,|robust z| > 15.0；仅提示人工核查，不代表化学错误
94_features,469,Apperant-Elec-Count-PositiveDisCoef,统计极端值,WARNING,196300.0,|robust z| > 15.0；仅提示人工核查，不代表化学错误
94_features,469,Atomic-LogP-PositiveDisCoef,统计极端值,WARNING,6645.503656,|robust z| > 15.0；仅提示人工核查，不代表化学错误
94_features,469,Atomic-MR-PositiveDisCoef,统计极端值,WARNING,2526560.459,|robust z| > 15.0；仅提示人工核查，不代表化学错误
94_features,469,EState-Indice-PositiveDisCoef,统计极端值,WARNING,736577.3962,|robust z| > 15.0；仅提示人工核查，不代表化学错误
94_features,469,PEOE-Charge-PositiveDisCoef,统计极端值,WARNING,324.0520511,|robust z| > 15.0；仅提示人工核查，不代表化学错误
94_features,486,PEOE-Charge-NegativeDisCoef-PairMean,统计极端值,WARNING,-0.00341727,|robust z| > 15.0；仅提示人工核查，不代表化学错误
94_features,493,Conju-Branch-Ratio,统计极端值,WARNING,2.090909091,|robust z| > 15.0；仅提示人工核查，不代表化学错误
94_features,494,Atomic-LogP-Min,统计极端值,WARNING,-1.9611,|robust z| > 15.0；仅提示人工核查，不代表化学错误
94_features,494,Conju-Branch-Ratio,统计极端值,WARNING,2.0,|robust z| > 15.0；仅提示人工核查，不代表化学错误
94_features,494,EState-Indice-GradSum,统计极端值,WARNING,2576.227682,|robust z| > 15.0；仅提示人工核查，不代表化学错误
94_features,494,EState-Indice-PositiveDisCoef,统计极端值,WARNING,598564.2554,|robust z| > 15.0；仅提示人工核查，不代表化学错误
94_features,495,Conju-Branch-Ratio,统计极端值,WARNING,1.333333333,|robust z| > 15.0；仅提示人工核查，不代表化学错误
94_features,508,Conju-Branch-Ratio,统计极端值,WARNING,1.4,|robust z| > 15.0；仅提示人工核查，不代表化学错误
94_features,514,PEOE-Charge-NegativeDisCoef-PairMean,统计极端值,WARNING,-0.003707298,|robust z| > 15.0；仅提示人工核查，不代表化学错误
94_features,516,Conju-Branch-Ratio,统计极端值,WARNING,1.444444444,|robust z| > 15.0；仅提示人工核查，不代表化学错误
94_features,521,Atomic-MR-PositiveDisCoef,统计极端值,WARNING,1209023.372,|robust z| > 15.0；仅提示人工核查，不代表化学错误
94_features,552,Conju-Branch-Ratio,统计极端值,WARNING,1.416666667,|robust z| > 15.0；仅提示人工核查，不代表化学错误
94_features,568,Conju-Branch-Ratio,统计极端值,WARNING,1.625,|robust z| > 15.0；仅提示人工核查，不代表化学错误
94_features,569,Conju-Branch-Ratio,统计极端值,WARNING,1.5,|robust z| > 15.0；仅提示人工核查，不代表化学错误
94_features,571,Conju-Branch-Ratio,统计极端值,WARNING,1.352941176,|robust z| > 15.0；仅提示人工核查，不代表化学错误
94_features,581,Apperant-Elec-Count-PositiveDisCoef,统计极端值,WARNING,117681.0,|robust z| > 15.0；仅提示人工核查，不代表化学错误
94_features,581,Atomic-LogP-PositiveDisCoef,统计极端值,WARNING,3636.512185,|robust z| > 15.0；仅提示人工核查，不代表化学错误
94_features,581,Atomic-MR-PositiveDisCoef,统计极端值,WARNING,1496913.787,|robust z| > 15.0；仅提示人工核查，不代表化学错误
94_features,581,EState-Indice-PositiveDisCoef,统计极端值,WARNING,452955.3935,|robust z| > 15.0；仅提示人工核查，不代表化学错误
94_features,584,ET(30) (Solvent),溶剂参数为0，可能代表未知或缺失溶剂信息,WARNING,0.0,返回原始溶剂名称核查；不自动删除
94_features,586,ALL_FEATURES,整行数据与其他样本完全重复,WARNING,duplicate row,可能是相同实验记录，也可能是重复样本；需结合原始分子ID核查
94_features,615,Atomic-LogP-PositiveDisCoef,统计极端值,WARNING,1817.755191,|robust z| > 15.0；仅提示人工核查，不代表化学错误
94_features,617,EState-Indice-Weighted-Ave,统计极端值,WARNING,0.194156055,|robust z| > 15.0；仅提示人工核查，不代表化学错误
94_features,619,Apperant-Elec-Count-PositiveDisCoef,统计极端值,WARNING,182679.0,|robust z| > 15.0；仅提示人工核查，不代表化学错误
94_features,619,Atomic-LogP-PositiveDisCoef,统计极端值,WARNING,4097.456064,|robust z| > 15.0；仅提示人工核查，不代表化学错误
94_features,619,Atomic-MR-PositiveDisCoef,统计极端值,WARNING,2099090.096,|robust z| > 15.0；仅提示人工核查，不代表化学错误
94_features,619,EState-Indice-PositiveDisCoef,统计极端值,WARNING,784750.259,|robust z| > 15.0；仅提示人工核查，不代表化学错误
94_features,619,PEOE-Charge-PositiveDisCoef,统计极端值,WARNING,248.1747344,|robust z| > 15.0；仅提示人工核查，不代表化学错误
94_features,627,Apperant-Elec-Count-PositiveDisCoef,统计极端值,WARNING,182388.0,|robust z| > 15.0；仅提示人工核查，不代表化学错误
94_features,627,Atomic-LogP-PositiveDisCoef,统计极端值,WARNING,5952.268601,|robust z| > 15.0；仅提示人工核查，不代表化学错误
94_features,627,Atomic-MR-PositiveDisCoef,统计极端值,WARNING,2283485.183,|robust z| > 15.0；仅提示人工核查，不代表化学错误
94_features,627,EState-Indice-PositiveDisCoef,统计极端值,WARNING,741668.2883,|robust z| > 15.0；仅提示人工核查，不代表化学错误
94_features,627,PEOE-Charge-PositiveDisCoef,统计极端值,WARNING,340.8308897,|robust z| > 15.0；仅提示人工核查，不代表化学错误
94_features,630,ALL_FEATURES,整行数据与其他样本完全重复,WARNING,duplicate row,可能是相同实验记录，也可能是重复样本；需结合原始分子ID核查
94_features,642,ET(30) (Solvent),溶剂参数为0，可能代表未知或缺失溶剂信息,WARNING,0.0,返回原始溶剂名称核查；不自动删除
94_features,643,Apperant-Elec-Count-PositiveDisCoef,统计极端值,WARNING,224748.0,|robust z| > 15.0；仅提示人工核查，不代表化学错误
94_features,643,Atomic-LogP-PositiveDisCoef,统计极端值,WARNING,7212.79164,|robust z| > 15.0；仅提示人工核查，不代表化学错误
94_features,643,Atomic-MR-PositiveDisCoef,统计极端值,WARNING,2765362.98,|robust z| > 15.0；仅提示人工核查，不代表化学错误
94_features,643,EState-Indice-PositiveDisCoef,统计极端值,WARNING,839519.2753,|robust z| > 15.0；仅提示人工核查，不代表化学错误
94_features,643,ET(30) (Solvent),溶剂参数为0，可能代表未知或缺失溶剂信息,WARNING,0.0,返回原始溶剂名称核查；不自动删除
94_features,643,PEOE-Charge-PositiveDisCoef,统计极端值,WARNING,482.6960772,|robust z| > 15.0；仅提示人工核查，不代表化学错误
94_features,658,Apperant-Elec-Count-PositiveDisCoef,统计极端值,WARNING,186438.0,|robust z| > 15.0；仅提示人工核查，不代表化学错误
94_features,658,Atomic-LogP-PositiveDisCoef,统计极端值,WARNING,5977.650577,|robust z| > 15.0；仅提示人工核查，不代表化学错误
94_features,658,Atomic-MR-PositiveDisCoef,统计极端值,WARNING,2297717.36,|robust z| > 15.0；仅提示人工核查，不代表化学错误
94_features,658,EState-Indice-PositiveDisCoef,统计极端值,WARNING,695379.7579,|robust z| > 15.0；仅提示人工核查，不代表化学错误
94_features,658,PEOE-Charge-PositiveDisCoef,统计极端值,WARNING,403.3163758,|robust z| > 15.0；仅提示人工核查，不代表化学错误
94_features,659,Apperant-Elec-Count-NegativeDisCoef,统计极端值,WARNING,2597.445625,|robust z| > 15.0；仅提示人工核查，不代表化学错误
94_features,659,Apperant-Elec-Count-PositiveDisCoef,统计极端值,WARNING,1563372.0,|robust z| > 15.0；仅提示人工核查，不代表化学错误
94_features,659,Atomic-LogP-GradSum,统计极端值,WARNING,410.5608542,|robust z| > 15.0；仅提示人工核查，不代表化学错误
94_features,659,Atomic-LogP-LaplaceSum,统计极端值,WARNING,124.8333462,|robust z| > 15.0；仅提示人工核查，不代表化学错误
94_features,659,Atomic-LogP-NegativeDisCoef,统计极端值,WARNING,78.39142929,|robust z| > 15.0；仅提示人工核查，不代表化学错误
94_features,659,Atomic-LogP-PositiveDisCoef,统计极端值,WARNING,50494.15671,|robust z| > 15.0；仅提示人工核查，不代表化学错误
94_features,659,Atomic-MR-NegativeDisCoef,统计极端值,WARNING,32546.06916,|robust z| > 15.0；仅提示人工核查，不代表化学错误
94_features,659,Atomic-MR-PositiveDisCoef,统计极端值,WARNING,19352118.67,|robust z| > 15.0；仅提示人工核查，不代表化学错误
94_features,659,EState-Indice-NegativeDisCoef,统计极端值,WARNING,9402.355913,|robust z| > 15.0；仅提示人工核查，不代表化学错误
94_features,659,EState-Indice-PositiveDisCoef,统计极端值,WARNING,5809357.09,|robust z| > 15.0；仅提示人工核查，不代表化学错误
94_features,659,PEOE-Charge-NegativeDisCoef,统计极端值,WARNING,4.569429017,|robust z| > 15.0；仅提示人工核查，不代表化学错误
94_features,659,PEOE-Charge-PositiveDisCoef,统计极端值,WARNING,3314.986241,|robust z| > 15.0；仅提示人工核查，不代表化学错误
94_features,665,Atomic-LogP-PositiveDisCoef,统计极端值,WARNING,2074.014762,|robust z| > 15.0；仅提示人工核查，不代表化学错误
94_features,669,Conju-Branch-Ratio,统计极端值,WARNING,2.090909091,|robust z| > 15.0；仅提示人工核查，不代表化学错误
94_features,673,Atomic-LogP-Min,统计极端值,WARNING,-1.6043,|robust z| > 15.0；仅提示人工核查，不代表化学错误
94_features,714,PEOE-Charge-PositiveDisCoef,统计极端值,WARNING,306.020546,|robust z| > 15.0；仅提示人工核查，不代表化学错误
94_features,721,Atomic-LogP-NegativeDisCoef,统计极端值,WARNING,63.41681711,|robust z| > 15.0；仅提示人工核查，不代表化学错误
94_features,721,Atomic-LogP-PositiveDisCoef,统计极端值,WARNING,3366.994398,|robust z| > 15.0；仅提示人工核查，不代表化学错误
94_features,722,Atomic-LogP-NegativeDisCoef,统计极端值,WARNING,67.0473454,|robust z| > 15.0；仅提示人工核查，不代表化学错误
94_features,722,Atomic-LogP-PositiveDisCoef,统计极端值,WARNING,3528.953483,|robust z| > 15.0；仅提示人工核查，不代表化学错误
94_features,723,Atomic-LogP-NegativeDisCoef,统计极端值,WARNING,66.8360777,|robust z| > 15.0；仅提示人工核查，不代表化学错误
94_features,723,Atomic-LogP-PositiveDisCoef,统计极端值,WARNING,3480.607058,|robust z| > 15.0；仅提示人工核查，不代表化学错误
94_features,734,Conju-Branch-Ratio,统计极端值,WARNING,1.5,|robust z| > 15.0；仅提示人工核查，不代表化学错误
94_features,735,Conju-Branch-Ratio,统计极端值,WARNING,1.916666667,|robust z| > 15.0；仅提示人工核查，不代表化学错误
94_features,736,Conju-Branch-Ratio,统计极端值,WARNING,1.352941176,|robust z| > 15.0；仅提示人工核查，不代表化学错误
94_features,738,Atomic-LogP-Min,统计极端值,WARNING,-1.3701,|robust z| > 15.0；仅提示人工核查，不代表化学错误
94_features,739,Atomic-LogP-Min,统计极端值,WARNING,-1.3701,|robust z| > 15.0；仅提示人工核查，不代表化学错误
94_features,740,Atomic-LogP-Min,统计极端值,WARNING,-1.3701,|robust z| > 15.0；仅提示人工核查，不代表化学错误
94_features,741,Atomic-LogP-Min,统计极端值,WARNING,-1.3701,|robust z| > 15.0；仅提示人工核查，不代表化学错误
94_features,742,Atomic-LogP-Min,统计极端值,WARNING,-1.3701,|robust z| > 15.0；仅提示人工核查，不代表化学错误
94_features,743,Atomic-LogP-Min,统计极端值,WARNING,-1.3701,|robust z| > 15.0；仅提示人工核查，不代表化学错误
94_features,803,Apperant-Elec-Count-NegativeDisCoef,统计极端值,WARNING,2480.296539,|robust z| > 15.0；仅提示人工核查，不代表化学错误
94_features,803,Apperant-Elec-Count-PositiveDisCoef,统计极端值,WARNING,817984.0,|robust z| > 15.0；仅提示人工核查，不代表化学错误
94_features,803,Atomic-LogP-GradSum,统计极端值,WARNING,436.8910792,|robust z| > 15.0；仅提示人工核查，不代表化学错误
94_features,803,Atomic-LogP-LaplaceSum,统计极端值,WARNING,124.435413,|robust z| > 15.0；仅提示人工核查，不代表化学错误
94_features,803,Atomic-LogP-NegativeDisCoef,统计极端值,WARNING,68.66092035,|robust z| > 15.0；仅提示人工核查，不代表化学错误
94_features,803,Atomic-LogP-PositiveDisCoef,统计极端值,WARNING,24842.78248,|robust z| > 15.0；仅提示人工核查，不代表化学错误
94_features,803,Atomic-MR-GradSum,统计极端值,WARNING,1086.412556,|robust z| > 15.0；仅提示人工核查，不代表化学错误
94_features,803,Atomic-MR-NegativeDisCoef,统计极端值,WARNING,30521.46927,|robust z| > 15.0；仅提示人工核查，不代表化学错误
94_features,803,Atomic-MR-PositiveDisCoef,统计极端值,WARNING,9950928.095,|robust z| > 15.0；仅提示人工核查，不代表化学错误
94_features,803,Conju-Branch-Ratio,统计极端值,WARNING,1.375,|robust z| > 15.0；仅提示人工核查，不代表化学错误
94_features,803,EState-Indice-GradSum,统计极端值,WARNING,2596.946112,|robust z| > 15.0；仅提示人工核查，不代表化学错误
94_features,803,EState-Indice-NegativeDisCoef,统计极端值,WARNING,10820.16848,|robust z| > 15.0；仅提示人工核查，不代表化学错误
94_features,803,EState-Indice-PositiveDisCoef,统计极端值,WARNING,3603033.488,|robust z| > 15.0；仅提示人工核查，不代表化学错误
94_features,803,PEOE-Charge-GradSum,统计极端值,WARNING,197.5330917,|robust z| > 15.0；仅提示人工核查，不代表化学错误
94_features,803,PEOE-Charge-PositiveDisCoef,统计极端值,WARNING,1306.05708,|robust z| > 15.0；仅提示人工核查，不代表化学错误
94_features,804,Apperant-Elec-Count-NegativeDisCoef,统计极端值,WARNING,2533.90576,|robust z| > 15.0；仅提示人工核查，不代表化学错误
94_features,804,Apperant-Elec-Count-PositiveDisCoef,统计极端值,WARNING,897913.0,|robust z| > 15.0；仅提示人工核查，不代表化学错误
94_features,804,Atomic-LogP-GradSum,统计极端值,WARNING,439.7135921,|robust z| > 15.0；仅提示人工核查，不代表化学错误
94_features,804,Atomic-LogP-LaplaceSum,统计极端值,WARNING,125.3117,|robust z| > 15.0；仅提示人工核查，不代表化学错误
94_features,804,Atomic-LogP-NegativeDisCoef,统计极端值,WARNING,70.62637377,|robust z| > 15.0；仅提示人工核查，不代表化学错误
94_features,804,Atomic-LogP-PositiveDisCoef,统计极端值,WARNING,27328.09491,|robust z| > 15.0；仅提示人工核查，不代表化学错误
94_features,804,Atomic-MR-GradSum,统计极端值,WARNING,1099.938038,|robust z| > 15.0；仅提示人工核查，不代表化学错误
94_features,804,Atomic-MR-NegativeDisCoef,统计极端值,WARNING,31217.31942,|robust z| > 15.0；仅提示人工核查，不代表化学错误
94_features,804,Atomic-MR-PositiveDisCoef,统计极端值,WARNING,10935857.73,|robust z| > 15.0；仅提示人工核查，不代表化学错误
94_features,804,EState-Indice-GradSum,统计极端值,WARNING,2649.083645,|robust z| > 15.0；仅提示人工核查，不代表化学错误
94_features,804,EState-Indice-NegativeDisCoef,统计极端值,WARNING,11141.00179,|robust z| > 15.0；仅提示人工核查，不代表化学错误
94_features,804,EState-Indice-PositiveDisCoef,统计极端值,WARNING,3984078.971,|robust z| > 15.0；仅提示人工核查，不代表化学错误
94_features,804,PEOE-Charge-GradSum,统计极端值,WARNING,198.2145616,|robust z| > 15.0；仅提示人工核查，不代表化学错误
94_features,804,PEOE-Charge-PositiveDisCoef,统计极端值,WARNING,1417.448938,|robust z| > 15.0；仅提示人工核查，不代表化学错误
94_features,806,Apperant-Elec-Count-PositiveDisCoef,统计极端值,WARNING,186752.0,|robust z| > 15.0；仅提示人工核查，不代表化学错误
94_features,806,Atomic-LogP-PositiveDisCoef,统计极端值,WARNING,5687.276318,|robust z| > 15.0；仅提示人工核查，不代表化学错误
94_features,806,Atomic-MR-PositiveDisCoef,统计极端值,WARNING,2235969.086,|robust z| > 15.0；仅提示人工核查，不代表化学错误
94_features,806,EState-Indice-PositiveDisCoef,统计极端值,WARNING,849660.2213,|robust z| > 15.0；仅提示人工核查，不代表化学错误
94_features,806,PEOE-Charge-PositiveDisCoef,统计极端值,WARNING,310.4977425,|robust z| > 15.0；仅提示人工核查，不代表化学错误
94_features,807,Apperant-Elec-Count-PositiveDisCoef,统计极端值,WARNING,161057.0,|robust z| > 15.0；仅提示人工核查，不代表化学错误
94_features,807,Atomic-LogP-PositiveDisCoef,统计极端值,WARNING,5050.257231,|robust z| > 15.0；仅提示人工核查，不代表化学错误
94_features,807,Atomic-MR-PositiveDisCoef,统计极端值,WARNING,1938149.159,|robust z| > 15.0；仅提示人工核查，不代表化学错误
94_features,807,EState-Indice-PositiveDisCoef,统计极端值,WARNING,708205.7532,|robust z| > 15.0；仅提示人工核查，不代表化学错误
94_features,807,PEOE-Charge-PositiveDisCoef,统计极端值,WARNING,269.4550635,|robust z| > 15.0；仅提示人工核查，不代表化学错误
94_features,808,Apperant-Elec-Count-NegativeDisCoef,统计极端值,WARNING,2637.719081,|robust z| > 15.0；仅提示人工核查，不代表化学错误
94_features,808,Apperant-Elec-Count-PositiveDisCoef,统计极端值,WARNING,1169681.0,|robust z| > 15.0；仅提示人工核查，不代表化学错误
94_features,808,Atomic-LogP-GradSum,统计极端值,WARNING,462.1319846,|robust z| > 15.0；仅提示人工核查，不代表化学错误
94_features,808,Atomic-LogP-LaplaceSum,统计极端值,WARNING,136.7556918,|robust z| > 15.0；仅提示人工核查，不代表化学错误
94_features,808,Atomic-LogP-NegativeDisCoef,统计极端值,WARNING,80.33016355,|robust z| > 15.0；仅提示人工核查，不代表化学错误
94_features,808,Atomic-LogP-PositiveDisCoef,统计极端值,WARNING,38104.7665,|robust z| > 15.0；仅提示人工核查，不代表化学错误
94_features,808,Atomic-MR-NegativeDisCoef,统计极端值,WARNING,32347.15645,|robust z| > 15.0；仅提示人工核查，不代表化学错误
94_features,808,Atomic-MR-PositiveDisCoef,统计极端值,WARNING,14230704.37,|robust z| > 15.0；仅提示人工核查，不代表化学错误
94_features,808,Conju-Branch-Ratio,统计极端值,WARNING,1.620689655,|robust z| > 15.0；仅提示人工核查，不代表化学错误
94_features,808,EState-Indice-GradSum,统计极端值,WARNING,2179.349308,|robust z| > 15.0；仅提示人工核查，不代表化学错误
94_features,808,EState-Indice-NegativeDisCoef,统计极端值,WARNING,11771.0736,|robust z| > 15.0；仅提示人工核查，不代表化学错误
94_features,808,EState-Indice-PositiveDisCoef,统计极端值,WARNING,5261256.097,|robust z| > 15.0；仅提示人工核查，不代表化学错误
94_features,808,PEOE-Charge-GradSum,统计极端值,WARNING,186.5408946,|robust z| > 15.0；仅提示人工核查，不代表化学错误
94_features,808,PEOE-Charge-PositiveDisCoef,统计极端值,WARNING,1949.512644,|robust z| > 15.0；仅提示人工核查，不代表化学错误
94_features,818,Apperant-Elec-Count-PositiveDisCoef,统计极端值,WARNING,109284.0,|robust z| > 15.0；仅提示人工核查，不代表化学错误
94_features,818,Atomic-LogP-PositiveDisCoef,统计极端值,WARNING,3314.05347,|robust z| > 15.0；仅提示人工核查，不代表化学错误
94_features,818,Atomic-MR-PositiveDisCoef,统计极端值,WARNING,1451184.361,|robust z| > 15.0；仅提示人工核查，不代表化学错误
94_features,818,PEOE-Charge-PositiveDisCoef,统计极端值,WARNING,220.393327,|robust z| > 15.0；仅提示人工核查，不代表化学错误
94_features,823,Conju-Wt-Ave.1,统计极端值,WARNING,21.71,|robust z| > 15.0；仅提示人工核查，不代表化学错误
94_features,824,Conju-Wt-Ave.1,统计极端值,WARNING,28.98425,|robust z| > 15.0；仅提示人工核查，不代表化学错误
94_features,825,Conju-Wt-Ave.1,统计极端值,WARNING,42.87145455,|robust z| > 15.0；仅提示人工核查，不代表化学错误
94_features,827,Conju-Wt-Ave.1,统计极端值,WARNING,21.71,|robust z| > 15.0；仅提示人工核查，不代表化学错误
94_features,828,Conju-Wt-Ave.1,统计极端值,WARNING,28.98425,|robust z| > 15.0；仅提示人工核查，不代表化学错误
94_features,829,Conju-Wt-Ave.1,统计极端值,WARNING,42.87145455,|robust z| > 15.0；仅提示人工核查，不代表化学错误
94_features,852,Atomic-LogP-Min,统计极端值,WARNING,-1.4881,|robust z| > 15.0；仅提示人工核查，不代表化学错误
94_features,853,Atomic-LogP-Min,统计极端值,WARNING,-1.4881,|robust z| > 15.0；仅提示人工核查，不代表化学错误
94_features,854,ALL_FEATURES,整行数据与其他样本完全重复,WARNING,duplicate row,可能是相同实验记录，也可能是重复样本；需结合原始分子ID核查
